INSERT INTO
	CONTRIBUTORS (id, nama, jenis_kelamin, kewarganegaraan)
VALUES
	(
		'5788884e-d465-4883-8b1f-0f3ff417995b',
		'agung',
		0.0,
		'Indonesia'
	),
	(
		'1726d983-dc73-42ef-81a2-94586ec73e86',
		'ali',
		0.0,
		'Indonesia'
	),
	(
		'b6889847-f05e-4d3c-aa5a-b177b002be37',
		'arama',
		0.0,
		'Indonesia'
	),
	(
		'b1eeb989-2153-46f2-9f6d-18c4eba7ebda',
		'anda',
		1.0,
		'Indonesia'
	),
	(
		'e24aff6e-4b0b-4dc6-88d8-e9454deeec71',
		'asuka',
		1.0,
		'USA'
	),
	(
		'7af21fbb-6caa-4a37-b1bb-b600e9a1a28c',
		'yahya',
		0.0,
		'Indonesia'
	),
	(
		'0c4e2e52-a347-4ffb-ab0a-537b81411529',
		'mama',
		1.0,
		'Indonesia'
	),
	(
		'4ef35db8-f25f-4368-9109-654e270ecaaf',
		'lali',
		1.0,
		'Indonesia'
	),
	(
		'9bef62a2-49f1-438d-96a8-177489168909',
		'kinda',
		1.0,
		'USA'
	),
	(
		'3549abb7-d285-41ef-8aef-609c6190c7b1',
		'puput',
		1.0,
		'Indonesia'
	),
	(
		'b5c0dbaa-eeec-476e-8a60-d859a21e5dab',
		'nurul',
		1.0,
		'Indonesia'
	),
	(
		'9b7439c6-fc20-4037-ad3d-f3ab8c394ac6',
		'manuka',
		1.0,
		'Indonesia'
	),
	(
		'd0e49995-57f8-464f-9fab-6798350ead2d',
		'caramel',
		0.0,
		'USA'
	),
	(
		'593c6ca0-f65d-48c1-b846-3fb9af952192',
		'choco',
		0.0,
		'Indonesia'
	),
	(
		'55219ff0-b1a0-4fd5-9e44-30a4024b40cd',
		'irus',
		1.0,
		'Indonesia'
	),
	(
		'6469e473-d19f-4c0b-a544-c56815a354c2',
		'akes',
		1.0,
		'Indonesia'
	),
	(
		'66339452-5d11-4642-802f-95f3ad6643da',
		'opet',
		1.0,
		'Indonesia'
	),
	(
		'e090a5e4-e199-4131-bdf6-84395674d7ea',
		'appa',
		1.0,
		'Indonesia'
	),
	(
		'a789369e-53f6-41ab-9774-32883dafa5ed',
		'momo',
		0.0,
		'USA'
	),
	(
		'4bcb443a-3942-4b9f-b5f3-a0da74de8be6',
		'bubu',
		1.0,
		'Indonesia'
	),
	(
		'43095848-f9bc-4c7b-ac25-fd8b37ce9803',
		'kayla',
		1.0,
		'Indonesia'
	),
	(
		'7642280e-6955-4245-a8ae-db5864cccef8',
		'dinda',
		1.0,
		'Korea Selatan'
	),
	(
		'1cfd7c16-46f4-4b45-b04d-6004f8f0e773',
		'novita',
		1.0,
		'Indonesia'
	),
	(
		'10823d27-2e32-4721-8f17-305d79c4afcc',
		'bella',
		1.0,
		'Indonesia'
	),
	(
		'2cd58ce3-53c3-4e98-a153-5235fa619f13',
		'nasywa',
		1.0,
		'Indonesia'
	),
	(
		'f662737c-1003-4030-889b-35d318726129',
		'michelle',
		1.0,
		'Jerman'
	),
	(
		'43c1ff9a-7171-427e-ae4f-7db18ecbb899',
		'rumi',
		1.0,
		'Indonesia'
	),
	(
		'c769bcf6-7b09-4fac-b473-ea18d4aa38e7',
		'rizki',
		0.0,
		'Indonesia'
	),
	(
		'c0828f14-acec-41d5-97d2-e1ab80c6c0fe',
		'rafif',
		0.0,
		'Indonesia'
	),
	(
		'f03c53e8-e56b-43eb-9473-1e8e7b5fc0e7',
		'aiza',
		1.0,
		'Zimbabwe'
	),
	(
		'682a83f3-ebf3-4105-b139-10c2925f846e',
		'kilau',
		1.0,
		'Indonesia'
	),
	(
		'c054f3cc-3443-412c-8a9b-b97c39a1caa2',
		'darrel',
		0.0,
		'Indonesia'
	),
	(
		'2314d7f2-60ac-47fb-80b5-c85d13f56d69',
		'calista',
		1.0,
		'Indonesia'
	),
	(
		'3e82d0a3-8188-496e-bc36-a7a45d87d053',
		'sakha',
		0.0,
		'Indonesia'
	),
	(
		'e752366f-ba3e-4a98-a0e1-9cbda2ebe9a1',
		'adinda',
		1.0,
		'Korea Selatan'
	),
	(
		'90942017-3988-4af8-8571-ea54de001f3d',
		'mutiara',
		1.0,
		'Indonesia'
	),
	(
		'512f2780-0f25-4af0-a68d-5c0b8667e9ce',
		'farrel',
		0.0,
		'Indonesia'
	),
	(
		'3d6e4b8e-851c-41e8-8d7e-e302ff8ec095',
		'ricardo',
		0.0,
		'Indonesia'
	),
	(
		'5309876d-ade5-421c-bea4-a279c23957d1',
		'aca',
		1.0,
		'Indonesia'
	),
	(
		'572f9826-e142-4874-a03b-60cb684151dc',
		'elena',
		1.0,
		'Indonesia'
	),
	(
		'ab8d4fa5-d73d-4654-a936-61a0c472b69f',
		'icha',
		1.0,
		'Indonesia'
	),
	(
		'a1911343-88a3-445c-b06c-7603433de00e',
		'cahaya',
		1.0,
		'USA'
	),
	(
		'7b7e1295-7234-497f-9bba-e6f6085e220d',
		'damar',
		0.0,
		'USA'
	),
	(
		'8ca6673c-0e48-4a97-9a43-547d234bac5a',
		'satir',
		1.0,
		'USA'
	),
	(
		'1c8d926b-aff1-4b18-8215-994f851ecfb3',
		'diego',
		1.0,
		'USA'
	),
	(
		'73236af2-9254-444b-b5bd-29c085c53640',
		'kelvin',
		1.0,
		'USA'
	),
	(
		'3b66b686-0950-4ca7-9ee0-c4d28a1cbb5a',
		'putra',
		1.0,
		'USA'
	),
	(
		'97312645-f4d7-4dbf-b296-0f4aa3988965',
		'fatih',
		1.0,
		'Indonesia'
	),
	(
		'ac5100f5-5968-447e-abe3-9675e75dc8ff',
		'alikha',
		0.0,
		'Indonesia'
	),
	(
		'16fc8e6a-82bf-4509-8d4e-9a8335f0b0ef',
		'kayana',
		0.0,
		'Indonesia'
	),
	(
		'64ccb58c-6ca6-4273-a0c7-04633bd9c392',
		'aisya',
		0.0,
		'Indonesia'
	),
	(
		'8cc82750-e7cf-4183-ab50-15eba1ac9bda',
		'marsya',
		0.0,
		'Indonesia'
	),
	(
		'b56550b9-3d78-4087-87b2-0c34d30be283',
		'caca',
		0.0,
		'Korea Selatan'
	),
	(
		'a211dd34-2ace-49ff-8484-dffed178f77f',
		'fadhil',
		1.0,
		'Indonesia'
	),
	(
		'2ada8108-4e0b-49e6-8d9e-51903a9925fd',
		'rivaldy',
		0.0,
		'Korea Selatan'
	),
	(
		'4eefc669-bea6-4df3-88c6-e134f70d96e8',
		'fernan',
		0.0,
		'Indonesia'
	),
	(
		'1541c049-06cc-4160-8c5f-6d1cf39e8087',
		'miko',
		0.0,
		'Korea Selatan'
	),
	(
		'a5cd781c-78e0-4199-9a30-b50b3cdda9ed',
		'fathur',
		0.0,
		'Indonesia'
	),
	(
		'cdfc19d4-68b4-41c1-8671-292b8f8d3f81',
		'rozan',
		0.0,
		'Jepang'
	),
	(
		'9eff9f92-ddd3-41e8-8722-807c23de30dd',
		'michael',
		0.0,
		'Indonesia'
	),
	(
		'6895453d-b46f-43c8-bd81-5f9b0eefd9de',
		'andreas',
		0.0,
		'Indonesia'
	),
	(
		'9031c1d8-5324-4322-869c-2935030495cc',
		'kevin',
		0.0,
		'Indonesia'
	),
	(
		'5166805d-d3fb-4f0c-b382-21e04838d1e2',
		'elizabeth',
		1.0,
		'Jepang'
	),
	(
		'a763b0b1-dd97-4112-873f-13863955562a',
		'amanda',
		1.0,
		'Jepang'
	),
	(
		'eb2cfa68-c83a-4b3e-8578-fd7c08b4518b',
		'sultan',
		0.0,
		'Indonesia'
	)
;

INSERT INTO
	SUTRADARA (id)
VALUES
	('5788884e-d465-4883-8b1f-0f3ff417995b'),
	('1726d983-dc73-42ef-81a2-94586ec73e86'),
	('b6889847-f05e-4d3c-aa5a-b177b002be37'),
	('b1eeb989-2153-46f2-9f6d-18c4eba7ebda'),
	('e24aff6e-4b0b-4dc6-88d8-e9454deeec71'),
	('7af21fbb-6caa-4a37-b1bb-b600e9a1a28c'),
	('0c4e2e52-a347-4ffb-ab0a-537b81411529'),
	('4ef35db8-f25f-4368-9109-654e270ecaaf'),
	('9bef62a2-49f1-438d-96a8-177489168909'),
	('3549abb7-d285-41ef-8aef-609c6190c7b1'),
	('b5c0dbaa-eeec-476e-8a60-d859a21e5dab'),
	('9b7439c6-fc20-4037-ad3d-f3ab8c394ac6'),
	('d0e49995-57f8-464f-9fab-6798350ead2d')
;

INSERT INTO
	TAYANGAN (
		id,
		judul,
		sinopsis,
		asal_negara,
		sinopsis_trailer,
		url_video_trailer,
		release_date_trailer,
		id_sutradara
	)
VALUES
	(
		'2227db9e-616f-4221-ba5a-b71a555c0510',
		'Percy Jackson',
		'Seorang remaja, Percy Jackson, menemukan dia adalah keturunan dewa Yunani dan memulai petualangannya untuk mencegah pertikaian antara para dewa',
		'USA',
		'Percy Jackson menemukan dirinya sebagai anak dewa dan memulai petualangan untuk menemukan pencuri petir Zeus',
		'https://example.com/trailers/percy-jackson',
		'2010-02-12 00:00:00',
		'5788884e-d465-4883-8b1f-0f3ff417995b'
	),
	(
		'0f8edc48-c6e9-4239-b33f-28b942ed34a8',
		'Harry Potter',
		'Harry Potter, seorang yatim piatu, menemukan bahwa dia adalah seorang penyihir dan bergabung dengan Sekolah Sihir Hogwarts untuk memulai pendidikan sihirnya',
		'UK',
		'Harry Potter memulai tahun pertamanya di Hogwarts, belajar sihir dan membentuk persahabatan yang akan bertahan seumur hidup',
		'https://example.com/trailers/harry-potter',
		'2001-11-16 00:00:00',
		'1726d983-dc73-42ef-81a2-94586ec73e86'
	),
	(
		'ef34a18f-5157-4ee5-a6b7-17709303b5ea',
		'Maze Runner',
		'Terjebak dalam labirin yang terus berubah, Thomas dan sekelompok remaja harus bekerja sama untuk mencari jalan keluar sambil mengungkap rahasia gelap',
		'USA',
		'Terbangun di labirin besar tanpa ingatan masa lalu, Thomas harus bergabung dengan pelari lain untuk mencari jalan keluar',
		'https://example.com/trailers/maze-runner',
		'2014-09-19 00:00:00',
		'b6889847-f05e-4d3c-aa5a-b177b002be37'
	),
	(
		'f28f3685-5ac3-44ce-ac8d-90127cc33f6d',
		'Hereditary',
		'Setelah kematian neneknya, keluarga Graham mulai mengungkap rahasia keluarga yang mengerikan dan nasib yang tampaknya tidak bisa mereka hindari',
		'USA',
		'Setelah kematian sang matriark, keluarga Graham menghadapi misteri menakutkan tentang warisan keluarga mereka',
		'https://example.com/trailers/hereditary',
		'2018-06-08 00:00:00',
		'b1eeb989-2153-46f2-9f6d-18c4eba7ebda'
	),
	(
		'0cd3003a-f1b1-4656-8c03-47edd438a58b',
		'Siksa Kubur',
		'Dua saudara mengalami teror dan misteri setelah menguburkan ibu mereka sesuai dengan ritual kuno di desa mereka',
		'Indonesia',
		'Dua saudara kandung menghadapi teror supernatural saat upacara pemakaman ibu mereka mengungkap kutukan keluarga',
		'https://example.com/trailers/siksa-kubur',
		'2020-03-27 00:00:00',
		'e24aff6e-4b0b-4dc6-88d8-e9454deeec71'
	),
	(
		'56d30056-b259-47cd-98fe-19f21c509c24',
		'Makmum',
		'Seorang wanita mengalami kejadian supranatural mengerikan di asrama saat makhluk gaib yang dikenal sebagai ''Makmum'' mulai mengikutinya',
		'Indonesia',
		'Ketika seorang wanita menginap di asrama tua, dia menemukan bahwa dia tidak sendirian; makhluk supernatural mengawasi setiap geraknya',
		'https://example.com/trailers/makmum',
		'2019-08-15 00:00:00',
		'7af21fbb-6caa-4a37-b1bb-b600e9a1a28c'
	),
	(
		'8424d4a1-bc2a-4e25-a220-00005ffd01cc',
		'Pengabdi Setan',
		'Keluarga kecil mengalami teror gaib setelah kematian ibu mereka, yang ternyata memiliki hubungan gelap dengan sekte aliran sesat',
		'Indonesia',
		'Sebuah keluarga menemukan bahwa ibu mereka meninggalkan lebih dari sekadar kenangan saat mereka diganggu oleh kekuatan supernatural',
		'https://example.com/trailers/pengabdi-setan',
		'2017-09-28 00:00:00',
		'0c4e2e52-a347-4ffb-ab0a-537b81411529'
	),
	(
		'0ab31de2-8cf5-4d1e-838d-c137a25d31d1',
		'Conjuring',
		'Para penyelidik paranormal Ed dan Lorraine Warren bekerja untuk membantu keluarga yang rumah pertanian mereka dihantui oleh kehadiran jahat',
		'USA',
		'Penyelidik paranormal Ed dan Lorraine Warren menghadapi kasus hantu paling menakutkan mereka dalam menyelamatkan keluarga dari teror di rumah pertanian',
		'https://example.com/trailers/conjuring',
		'2013-07-19 00:00:00',
		'4ef35db8-f25f-4368-9109-654e270ecaaf'
	),
	(
		'ecc807c6-5dfd-478e-aa2c-0e7c1a851f66',
		'Inside Out',
		'Bercerita dari sudut pandang emosi dalam pikiran seorang gadis muda, Riley, saat dia menavigasi perubahan besar dalam hidupnya',
		'USA',
		'Ikuti petualangan emosi dalam pikiran Riley saat mereka mengatasi tantangan dari kehidupan baru di San Francisco',
		'https://example.com/trailers/inside-out',
		'2015-06-19 00:00:00',
		'9bef62a2-49f1-438d-96a8-177489168909'
	),
	(
		'c79dedac-a790-44f8-a746-6c02150d32a3',
		'Elements',
		'Empat remaja menemukan gelang ajaib yang memberi mereka kekuatan elemen alam dan memaksa mereka untuk melindungi dunia dari kejahatan',
		'USA',
		'Empat remaja dengan kekuatan elemen alam bergabung untuk melindungi dunia dari ancaman kuno',
		'https://example.com/trailers/elements',
		'2018-06-19 00:00:00',
		'3549abb7-d285-41ef-8aef-609c6190c7b1'
	),
	(
		'e966dc15-6843-4738-9fd5-5376be420a2d',
		'Fight Club',
		'Seorang pria menderita insomnia dan kebosanan menciptakan klub bawah tanah tempur sebagai bentuk terapi ekstrem, yang mengarah ke konsekuensi tak terduga',
		'USA',
		'Seorang pria yang frustrasi dengan kehidupan modern membentuk ''club pertarungan'' bawah tanah yang spirals out of control',
		'https://example.com/trailers/fight-club',
		'1999-10-15 00:00:00',
		'b5c0dbaa-eeec-476e-8a60-d859a21e5dab'
	),
	(
		'189a3d77-de45-440a-aa8f-1f614ea0a019',
		'Now You See Me',
		'Empat pesulap jalanan menjadi bintang besar dengan aksi panggung yang menggabungkan ilusi dengan pencurian besar, menarik perhatian FBI',
		'USA',
		'Ilusionis jenius melancarkan serangkaian perampokan spektakuler terhadap koruptor selama pertunjukan sihir, menarik FBI',
		'https://example.com/trailers/now-you-see-me',
		'2013-05-31 00:00:00',
		'9b7439c6-fc20-4037-ad3d-f3ab8c394ac6'
	),
	(
		'5fdcfd97-718f-49c7-842a-4c7535a653ea',
		'Everything Everywhere All At Once',
		'Seorang wanita mencoba mengatur pajaknya tetapi malah terlibat dalam petualangan multiverse yang gila di mana dia menjelajahi berbagai versi hidupnya',
		'USA',
		'Seorang wanita biasa harus mengakses kehidupan paralelnya untuk menghentikan ancaman multiverse yang menghancurkan',
		'https://example.com/trailers/everything-everywhere',
		'2022-03-25 00:00:00',
		'd0e49995-57f8-464f-9fab-6798350ead2d'
	),
	(
		'5aa6bcdf-c1e9-4419-96ce-4aaa48d6f2c7',
		'Avengers',
		'Sebuah tim superhero bekerja sama untuk menghadapi ancaman luar biasa yang tidak bisa diatasi oleh satu pahlawan saja, mempertaruhkan nasib bumi',
		'USA',
		'Superhero terkuat Bumi bersatu untuk melawan musuh yang tidak bisa mereka hadapi sendiri dalam pertempuran epik',
		'https://example.com/trailers/avengers',
		'2012-05-04 00:00:00',
		'5788884e-d465-4883-8b1f-0f3ff417995b'
	),
	(
		'4254aa34-81c3-46bc-a497-99656e6149be',
		'Insidious',
		'Seorang anak laki-laki jatuh ke dalam koma dan menjadi jembatan ke alam lain, sementara orangtuanya mencoba menyelamatkannya dari roh jahat yang ingin mengambilnya',
		'USA',
		'Sebuah keluarga berusaha menyelamatkan anak mereka yang terperangkap di dunia roh dengan bantuan ahli paranormal',
		'https://example.com/trailers/insidious',
		'2011-04-01 00:00:00',
		'1726d983-dc73-42ef-81a2-94586ec73e86'
	)
;

INSERT INTO
	PENGGUNA (username, PASSWORD, id_tayangan, negara_asal)
VALUES
	(
		'kucingku123',
		'jhsdbjds123o',
		'2227db9e-616f-4221-ba5a-b71a555c0510',
		'Indonesia'
	),
	(
		'dinda_amani',
		'skjdhuds08329',
		'0f8edc48-c6e9-4239-b33f-28b942ed34a8',
		'Indonesia'
	),
	(
		'michelle_rumintang',
		'xx0102',
		'ef34a18f-5157-4ee5-a6b7-17709303b5ea',
		'Indonesia'
	),
	(
		'erenyeager',
		'judshiusdkj9893',
		'f28f3685-5ac3-44ce-ac8d-90127cc33f6d',
		'Indonesia'
	),
	(
		'dinda.kira21',
		'mnfdfdr334',
		'0cd3003a-f1b1-4656-8c03-47edd438a58b',
		'Indonesia'
	),
	(
		'dekamamipapi',
		'kdjffhkr5',
		'56d30056-b259-47cd-98fe-19f21c509c24',
		'Indonesia'
	),
	(
		'aikochan',
		'fjkethjk4',
		'8424d4a1-bc2a-4e25-a220-00005ffd01cc',
		'Indonesia'
	),
	(
		'novita_nasywa',
		'kjesrghudfhv0',
		'0ab31de2-8cf5-4d1e-838d-c137a25d31d1',
		'Indonesia'
	),
	(
		'a',
		'a',
		'0ab31de2-8cf5-4d1e-838d-c137a25d31d1',
		'Indonesia'
	)
;

INSERT INTO
	PAKET
VALUES
	('premium', 50000, '2040p'),
	('standar', 35000, '1080p'),
	('basic', 20000, '720p')
;

INSERT INTO
	DUKUNGAN_PERANGKAT
VALUES
	('premium', 'laptop'),
	('premium', 'ipad '),
	('basic', 'hp'),
	('standar', 'hp'),
	('premium', 'smart tv'),
	('standar', 'ipad '),
	('standar', 'laptop'),
	('premium', 'hp')
;

INSERT INTO
	TRANSACTION
VALUES
	(
		'kucingku123',
		'2024-04-24 00:00:00',
		'2024-04-25 00:00:00',
		'premium',
		'transfer',
		'2024-04-24 08:15:00'
	),
	(
		'dinda_amani',
		'2024-04-25 00:00:00',
		'2024-04-26 00:00:00',
		'standar',
		'transfer',
		'2024-04-25 10:30:00'
	),
	(
		'michelle_rumintang',
		'2024-04-26 00:00:00',
		'2024-04-27 00:00:00',
		'basic',
		'transfer',
		'2024-04-26 12:45:00'
	),
	(
		'erenyeager',
		'2024-04-27 00:00:00',
		'2024-04-28 00:00:00',
		'premium',
		'transfer',
		'2024-04-27 14:20:00'
	),
	(
		'dinda.kira21',
		'2024-04-28 00:00:00',
		'2024-04-29 00:00:00',
		'standar',
		'transfer',
		'2024-04-28 16:35:00'
	),
	(
		'dekamamipapi',
		'2024-04-29 00:00:00',
		'2024-04-30 00:00:00',
		'basic',
		'transfer',
		'2024-04-29 18:50:00'
	),
	(
		'aikochan',
		'2024-04-30 00:00:00',
		'2024-05-01 00:00:00',
		'premium',
		'transfer',
		'2024-04-30 20:05:00'
	),
	(
		'novita_nasywa',
		'2024-05-01 00:00:00',
		'2024-05-02 00:00:00',
		'standar',
		'transfer',
		'2024-05-01 22:20:00'
	),
	(
		'kucingku123',
		'2024-05-02 00:00:00',
		'2024-05-03 00:00:00',
		'basic',
		'transfer',
		'2024-05-02 23:45:00'
	),
	(
		'dinda_amani',
		'2024-05-03 00:00:00',
		'2024-05-04 00:00:00',
		'premium',
		'transfer',
		'2024-05-03 05:30:00'
	),
	(
		'michelle_rumintang',
		'2024-05-04 00:00:00',
		'2024-05-05 00:00:00',
		'standar',
		'transfer',
		'2024-05-04 09:15:00'
	),
	(
		'erenyeager',
		'2024-05-05 00:00:00',
		'2024-05-06 00:00:00',
		'basic',
		'transfer',
		'2024-05-05 13:00:00'
	),
	(
		'dinda.kira21',
		'2024-05-06 00:00:00',
		'2024-05-07 00:00:00',
		'premium',
		'transfer',
		'2024-05-06 16:45:00'
	),
	(
		'dekamamipapi',
		'2024-05-07 00:00:00',
		'2024-05-08 00:00:00',
		'standar',
		'transfer',
		'2024-05-07 20:30:00'
	),
	(
		'aikochan',
		'2024-05-08 00:00:00',
		'2024-05-09 00:00:00',
		'basic',
		'transfer',
		'2024-05-08 23:15:00'
	),
	(
		'novita_nasywa',
		'2024-05-09 00:00:00',
		'2024-05-10 00:00:00',
		'premium',
		'transfer',
		'2024-05-09 03:00:00'
	),
	(
		'kucingku123',
		'2024-05-10 00:00:00',
		'2024-05-11 00:00:00',
		'standar',
		'transfer',
		'2024-05-10 07:45:00'
	),
	(
		'dinda_amani',
		'2024-05-11 00:00:00',
		'2024-05-12 00:00:00',
		'basic',
		'transfer',
		'2024-05-11 11:30:00'
	),
	(
		'michelle_rumintang',
		'2024-05-12 00:00:00',
		'2024-05-13 00:00:00',
		'premium',
		'transfer',
		'2024-05-12 15:15:00'
	),
	(
		'erenyeager',
		'2024-05-13 00:00:00',
		'2024-05-14 00:00:00',
		'standar',
		'transfer',
		'2024-05-13 19:00:00'
	),
	(
		'dinda.kira21',
		'2024-05-14 00:00:00',
		'2024-05-15 00:00:00',
		'basic',
		'transfer',
		'2024-05-14 22:45:00'
	),
	(
		'dekamamipapi',
		'2024-05-15 00:00:00',
		'2024-05-16 00:00:00',
		'premium',
		'transfer',
		'2024-05-15 02:30:00'
	),
	(
		'aikochan',
		'2024-05-16 00:00:00',
		'2024-05-17 00:00:00',
		'standar',
		'transfer',
		'2024-05-16 06:15:00'
	),
	(
		'novita_nasywa',
		'2024-05-17 00:00:00',
		'2024-05-18 00:00:00',
		'basic',
		'transfer',
		'2024-05-17 10:00:00'
	)
;

INSERT INTO
	PENULIS_SKENARIO
VALUES
	('5788884e-d465-4883-8b1f-0f3ff417995b'),
	('1726d983-dc73-42ef-81a2-94586ec73e86'),
	('b6889847-f05e-4d3c-aa5a-b177b002be37'),
	('b1eeb989-2153-46f2-9f6d-18c4eba7ebda'),
	('e24aff6e-4b0b-4dc6-88d8-e9454deeec71'),
	('7af21fbb-6caa-4a37-b1bb-b600e9a1a28c'),
	('0c4e2e52-a347-4ffb-ab0a-537b81411529'),
	('4ef35db8-f25f-4368-9109-654e270ecaaf'),
	('9bef62a2-49f1-438d-96a8-177489168909'),
	('3549abb7-d285-41ef-8aef-609c6190c7b1'),
	('b5c0dbaa-eeec-476e-8a60-d859a21e5dab'),
	('9b7439c6-fc20-4037-ad3d-f3ab8c394ac6'),
	('d0e49995-57f8-464f-9fab-6798350ead2d'),
	('593c6ca0-f65d-48c1-b846-3fb9af952192'),
	('a789369e-53f6-41ab-9774-32883dafa5ed'),
	('4bcb443a-3942-4b9f-b5f3-a0da74de8be6'),
	('43095848-f9bc-4c7b-ac25-fd8b37ce9803'),
	('7642280e-6955-4245-a8ae-db5864cccef8'),
	('1cfd7c16-46f4-4b45-b04d-6004f8f0e773'),
	('10823d27-2e32-4721-8f17-305d79c4afcc'),
	('2cd58ce3-53c3-4e98-a153-5235fa619f13'),
	('f662737c-1003-4030-889b-35d318726129'),
	('43c1ff9a-7171-427e-ae4f-7db18ecbb899'),
	('c769bcf6-7b09-4fac-b473-ea18d4aa38e7'),
	('c0828f14-acec-41d5-97d2-e1ab80c6c0fe'),
	('f03c53e8-e56b-43eb-9473-1e8e7b5fc0e7'),
	('682a83f3-ebf3-4105-b139-10c2925f846e'),
	('c054f3cc-3443-412c-8a9b-b97c39a1caa2'),
	('2314d7f2-60ac-47fb-80b5-c85d13f56d69'),
	('3e82d0a3-8188-496e-bc36-a7a45d87d053')
;

INSERT INTO
	PEMAIN
VALUES
	('593c6ca0-f65d-48c1-b846-3fb9af952192'),
	('55219ff0-b1a0-4fd5-9e44-30a4024b40cd'),
	('6469e473-d19f-4c0b-a544-c56815a354c2'),
	('66339452-5d11-4642-802f-95f3ad6643da'),
	('e090a5e4-e199-4131-bdf6-84395674d7ea'),
	('a789369e-53f6-41ab-9774-32883dafa5ed'),
	('4bcb443a-3942-4b9f-b5f3-a0da74de8be6'),
	('43095848-f9bc-4c7b-ac25-fd8b37ce9803'),
	('7642280e-6955-4245-a8ae-db5864cccef8'),
	('1cfd7c16-46f4-4b45-b04d-6004f8f0e773'),
	('10823d27-2e32-4721-8f17-305d79c4afcc'),
	('2cd58ce3-53c3-4e98-a153-5235fa619f13'),
	('f662737c-1003-4030-889b-35d318726129'),
	('43c1ff9a-7171-427e-ae4f-7db18ecbb899'),
	('c769bcf6-7b09-4fac-b473-ea18d4aa38e7'),
	('c0828f14-acec-41d5-97d2-e1ab80c6c0fe'),
	('f03c53e8-e56b-43eb-9473-1e8e7b5fc0e7'),
	('682a83f3-ebf3-4105-b139-10c2925f846e'),
	('c054f3cc-3443-412c-8a9b-b97c39a1caa2'),
	('2314d7f2-60ac-47fb-80b5-c85d13f56d69'),
	('3e82d0a3-8188-496e-bc36-a7a45d87d053'),
	('e752366f-ba3e-4a98-a0e1-9cbda2ebe9a1'),
	('90942017-3988-4af8-8571-ea54de001f3d'),
	('512f2780-0f25-4af0-a68d-5c0b8667e9ce'),
	('3d6e4b8e-851c-41e8-8d7e-e302ff8ec095'),
	('5309876d-ade5-421c-bea4-a279c23957d1'),
	('572f9826-e142-4874-a03b-60cb684151dc'),
	('ab8d4fa5-d73d-4654-a936-61a0c472b69f'),
	('a1911343-88a3-445c-b06c-7603433de00e'),
	('7b7e1295-7234-497f-9bba-e6f6085e220d'),
	('8ca6673c-0e48-4a97-9a43-547d234bac5a'),
	('1c8d926b-aff1-4b18-8215-994f851ecfb3'),
	('73236af2-9254-444b-b5bd-29c085c53640'),
	('3b66b686-0950-4ca7-9ee0-c4d28a1cbb5a'),
	('97312645-f4d7-4dbf-b296-0f4aa3988965'),
	('ac5100f5-5968-447e-abe3-9675e75dc8ff'),
	('16fc8e6a-82bf-4509-8d4e-9a8335f0b0ef'),
	('64ccb58c-6ca6-4273-a0c7-04633bd9c392'),
	('8cc82750-e7cf-4183-ab50-15eba1ac9bda'),
	('b56550b9-3d78-4087-87b2-0c34d30be283'),
	('a211dd34-2ace-49ff-8484-dffed178f77f'),
	('2ada8108-4e0b-49e6-8d9e-51903a9925fd'),
	('4eefc669-bea6-4df3-88c6-e134f70d96e8'),
	('1541c049-06cc-4160-8c5f-6d1cf39e8087'),
	('a5cd781c-78e0-4199-9a30-b50b3cdda9ed'),
	('cdfc19d4-68b4-41c1-8671-292b8f8d3f81'),
	('9eff9f92-ddd3-41e8-8722-807c23de30dd'),
	('6895453d-b46f-43c8-bd81-5f9b0eefd9de'),
	('9031c1d8-5324-4322-869c-2935030495cc'),
	('5166805d-d3fb-4f0c-b382-21e04838d1e2'),
	('a763b0b1-dd97-4112-873f-13863955562a'),
	('eb2cfa68-c83a-4b3e-8578-fd7c08b4518b')
;

INSERT INTO
	MEMAINKAN_TAYANGAN
VALUES
	(
		'2227db9e-616f-4221-ba5a-b71a555c0510',
		'593c6ca0-f65d-48c1-b846-3fb9af952192'
	),
	(
		'0f8edc48-c6e9-4239-b33f-28b942ed34a8',
		'55219ff0-b1a0-4fd5-9e44-30a4024b40cd'
	),
	(
		'ef34a18f-5157-4ee5-a6b7-17709303b5ea',
		'6469e473-d19f-4c0b-a544-c56815a354c2'
	),
	(
		'f28f3685-5ac3-44ce-ac8d-90127cc33f6d',
		'66339452-5d11-4642-802f-95f3ad6643da'
	),
	(
		'0cd3003a-f1b1-4656-8c03-47edd438a58b',
		'e090a5e4-e199-4131-bdf6-84395674d7ea'
	),
	(
		'56d30056-b259-47cd-98fe-19f21c509c24',
		'a789369e-53f6-41ab-9774-32883dafa5ed'
	),
	(
		'8424d4a1-bc2a-4e25-a220-00005ffd01cc',
		'4bcb443a-3942-4b9f-b5f3-a0da74de8be6'
	),
	(
		'0ab31de2-8cf5-4d1e-838d-c137a25d31d1',
		'43095848-f9bc-4c7b-ac25-fd8b37ce9803'
	),
	(
		'ecc807c6-5dfd-478e-aa2c-0e7c1a851f66',
		'7642280e-6955-4245-a8ae-db5864cccef8'
	),
	(
		'c79dedac-a790-44f8-a746-6c02150d32a3',
		'1cfd7c16-46f4-4b45-b04d-6004f8f0e773'
	),
	(
		'e966dc15-6843-4738-9fd5-5376be420a2d',
		'10823d27-2e32-4721-8f17-305d79c4afcc'
	),
	(
		'189a3d77-de45-440a-aa8f-1f614ea0a019',
		'2cd58ce3-53c3-4e98-a153-5235fa619f13'
	),
	(
		'5fdcfd97-718f-49c7-842a-4c7535a653ea',
		'f662737c-1003-4030-889b-35d318726129'
	),
	(
		'5aa6bcdf-c1e9-4419-96ce-4aaa48d6f2c7',
		'43c1ff9a-7171-427e-ae4f-7db18ecbb899'
	),
	(
		'4254aa34-81c3-46bc-a497-99656e6149be',
		'c769bcf6-7b09-4fac-b473-ea18d4aa38e7'
	),
	(
		'2227db9e-616f-4221-ba5a-b71a555c0510',
		'c0828f14-acec-41d5-97d2-e1ab80c6c0fe'
	),
	(
		'0f8edc48-c6e9-4239-b33f-28b942ed34a8',
		'f03c53e8-e56b-43eb-9473-1e8e7b5fc0e7'
	),
	(
		'ef34a18f-5157-4ee5-a6b7-17709303b5ea',
		'682a83f3-ebf3-4105-b139-10c2925f846e'
	),
	(
		'f28f3685-5ac3-44ce-ac8d-90127cc33f6d',
		'c054f3cc-3443-412c-8a9b-b97c39a1caa2'
	),
	(
		'0cd3003a-f1b1-4656-8c03-47edd438a58b',
		'2314d7f2-60ac-47fb-80b5-c85d13f56d69'
	),
	(
		'56d30056-b259-47cd-98fe-19f21c509c24',
		'3e82d0a3-8188-496e-bc36-a7a45d87d053'
	),
	(
		'8424d4a1-bc2a-4e25-a220-00005ffd01cc',
		'e752366f-ba3e-4a98-a0e1-9cbda2ebe9a1'
	),
	(
		'0ab31de2-8cf5-4d1e-838d-c137a25d31d1',
		'90942017-3988-4af8-8571-ea54de001f3d'
	),
	(
		'ecc807c6-5dfd-478e-aa2c-0e7c1a851f66',
		'512f2780-0f25-4af0-a68d-5c0b8667e9ce'
	),
	(
		'c79dedac-a790-44f8-a746-6c02150d32a3',
		'3d6e4b8e-851c-41e8-8d7e-e302ff8ec095'
	),
	(
		'e966dc15-6843-4738-9fd5-5376be420a2d',
		'5309876d-ade5-421c-bea4-a279c23957d1'
	),
	(
		'189a3d77-de45-440a-aa8f-1f614ea0a019',
		'572f9826-e142-4874-a03b-60cb684151dc'
	),
	(
		'5fdcfd97-718f-49c7-842a-4c7535a653ea',
		'ab8d4fa5-d73d-4654-a936-61a0c472b69f'
	),
	(
		'5aa6bcdf-c1e9-4419-96ce-4aaa48d6f2c7',
		'a1911343-88a3-445c-b06c-7603433de00e'
	),
	(
		'4254aa34-81c3-46bc-a497-99656e6149be',
		'7b7e1295-7234-497f-9bba-e6f6085e220d'
	),
	(
		'2227db9e-616f-4221-ba5a-b71a555c0510',
		'8ca6673c-0e48-4a97-9a43-547d234bac5a'
	),
	(
		'0f8edc48-c6e9-4239-b33f-28b942ed34a8',
		'1c8d926b-aff1-4b18-8215-994f851ecfb3'
	),
	(
		'ef34a18f-5157-4ee5-a6b7-17709303b5ea',
		'73236af2-9254-444b-b5bd-29c085c53640'
	),
	(
		'f28f3685-5ac3-44ce-ac8d-90127cc33f6d',
		'3b66b686-0950-4ca7-9ee0-c4d28a1cbb5a'
	),
	(
		'0cd3003a-f1b1-4656-8c03-47edd438a58b',
		'97312645-f4d7-4dbf-b296-0f4aa3988965'
	),
	(
		'56d30056-b259-47cd-98fe-19f21c509c24',
		'ac5100f5-5968-447e-abe3-9675e75dc8ff'
	),
	(
		'8424d4a1-bc2a-4e25-a220-00005ffd01cc',
		'16fc8e6a-82bf-4509-8d4e-9a8335f0b0ef'
	),
	(
		'0ab31de2-8cf5-4d1e-838d-c137a25d31d1',
		'64ccb58c-6ca6-4273-a0c7-04633bd9c392'
	),
	(
		'ecc807c6-5dfd-478e-aa2c-0e7c1a851f66',
		'8cc82750-e7cf-4183-ab50-15eba1ac9bda'
	),
	(
		'c79dedac-a790-44f8-a746-6c02150d32a3',
		'b56550b9-3d78-4087-87b2-0c34d30be283'
	),
	(
		'e966dc15-6843-4738-9fd5-5376be420a2d',
		'a211dd34-2ace-49ff-8484-dffed178f77f'
	),
	(
		'189a3d77-de45-440a-aa8f-1f614ea0a019',
		'2ada8108-4e0b-49e6-8d9e-51903a9925fd'
	),
	(
		'5fdcfd97-718f-49c7-842a-4c7535a653ea',
		'4eefc669-bea6-4df3-88c6-e134f70d96e8'
	),
	(
		'5aa6bcdf-c1e9-4419-96ce-4aaa48d6f2c7',
		'1541c049-06cc-4160-8c5f-6d1cf39e8087'
	),
	(
		'4254aa34-81c3-46bc-a497-99656e6149be',
		'a5cd781c-78e0-4199-9a30-b50b3cdda9ed'
	),
	(
		'2227db9e-616f-4221-ba5a-b71a555c0510',
		'cdfc19d4-68b4-41c1-8671-292b8f8d3f81'
	),
	(
		'0f8edc48-c6e9-4239-b33f-28b942ed34a8',
		'9eff9f92-ddd3-41e8-8722-807c23de30dd'
	),
	(
		'ef34a18f-5157-4ee5-a6b7-17709303b5ea',
		'6895453d-b46f-43c8-bd81-5f9b0eefd9de'
	),
	(
		'f28f3685-5ac3-44ce-ac8d-90127cc33f6d',
		'9031c1d8-5324-4322-869c-2935030495cc'
	),
	(
		'0cd3003a-f1b1-4656-8c03-47edd438a58b',
		'5166805d-d3fb-4f0c-b382-21e04838d1e2'
	)
;

INSERT INTO
	MENULIS_SKENARIO_TAYANGAN
VALUES
	(
		'2227db9e-616f-4221-ba5a-b71a555c0510',
		'5788884e-d465-4883-8b1f-0f3ff417995b'
	),
	(
		'0f8edc48-c6e9-4239-b33f-28b942ed34a8',
		'1726d983-dc73-42ef-81a2-94586ec73e86'
	),
	(
		'ef34a18f-5157-4ee5-a6b7-17709303b5ea',
		'b6889847-f05e-4d3c-aa5a-b177b002be37'
	),
	(
		'f28f3685-5ac3-44ce-ac8d-90127cc33f6d',
		'b1eeb989-2153-46f2-9f6d-18c4eba7ebda'
	),
	(
		'0cd3003a-f1b1-4656-8c03-47edd438a58b',
		'e24aff6e-4b0b-4dc6-88d8-e9454deeec71'
	),
	(
		'56d30056-b259-47cd-98fe-19f21c509c24',
		'7af21fbb-6caa-4a37-b1bb-b600e9a1a28c'
	),
	(
		'8424d4a1-bc2a-4e25-a220-00005ffd01cc',
		'0c4e2e52-a347-4ffb-ab0a-537b81411529'
	),
	(
		'0ab31de2-8cf5-4d1e-838d-c137a25d31d1',
		'4ef35db8-f25f-4368-9109-654e270ecaaf'
	),
	(
		'ecc807c6-5dfd-478e-aa2c-0e7c1a851f66',
		'9bef62a2-49f1-438d-96a8-177489168909'
	),
	(
		'c79dedac-a790-44f8-a746-6c02150d32a3',
		'3549abb7-d285-41ef-8aef-609c6190c7b1'
	),
	(
		'e966dc15-6843-4738-9fd5-5376be420a2d',
		'b5c0dbaa-eeec-476e-8a60-d859a21e5dab'
	),
	(
		'189a3d77-de45-440a-aa8f-1f614ea0a019',
		'9b7439c6-fc20-4037-ad3d-f3ab8c394ac6'
	),
	(
		'5fdcfd97-718f-49c7-842a-4c7535a653ea',
		'd0e49995-57f8-464f-9fab-6798350ead2d'
	),
	(
		'5aa6bcdf-c1e9-4419-96ce-4aaa48d6f2c7',
		'593c6ca0-f65d-48c1-b846-3fb9af952192'
	),
	(
		'4254aa34-81c3-46bc-a497-99656e6149be',
		'a789369e-53f6-41ab-9774-32883dafa5ed'
	),
	(
		'2227db9e-616f-4221-ba5a-b71a555c0510',
		'4bcb443a-3942-4b9f-b5f3-a0da74de8be6'
	),
	(
		'0f8edc48-c6e9-4239-b33f-28b942ed34a8',
		'43095848-f9bc-4c7b-ac25-fd8b37ce9803'
	),
	(
		'ef34a18f-5157-4ee5-a6b7-17709303b5ea',
		'7642280e-6955-4245-a8ae-db5864cccef8'
	),
	(
		'f28f3685-5ac3-44ce-ac8d-90127cc33f6d',
		'1cfd7c16-46f4-4b45-b04d-6004f8f0e773'
	),
	(
		'0cd3003a-f1b1-4656-8c03-47edd438a58b',
		'10823d27-2e32-4721-8f17-305d79c4afcc'
	),
	(
		'56d30056-b259-47cd-98fe-19f21c509c24',
		'2cd58ce3-53c3-4e98-a153-5235fa619f13'
	),
	(
		'8424d4a1-bc2a-4e25-a220-00005ffd01cc',
		'f662737c-1003-4030-889b-35d318726129'
	),
	(
		'0ab31de2-8cf5-4d1e-838d-c137a25d31d1',
		'43c1ff9a-7171-427e-ae4f-7db18ecbb899'
	),
	(
		'ecc807c6-5dfd-478e-aa2c-0e7c1a851f66',
		'c769bcf6-7b09-4fac-b473-ea18d4aa38e7'
	),
	(
		'c79dedac-a790-44f8-a746-6c02150d32a3',
		'c0828f14-acec-41d5-97d2-e1ab80c6c0fe'
	),
	(
		'e966dc15-6843-4738-9fd5-5376be420a2d',
		'f03c53e8-e56b-43eb-9473-1e8e7b5fc0e7'
	),
	(
		'189a3d77-de45-440a-aa8f-1f614ea0a019',
		'682a83f3-ebf3-4105-b139-10c2925f846e'
	),
	(
		'5fdcfd97-718f-49c7-842a-4c7535a653ea',
		'c054f3cc-3443-412c-8a9b-b97c39a1caa2'
	),
	(
		'5aa6bcdf-c1e9-4419-96ce-4aaa48d6f2c7',
		'2314d7f2-60ac-47fb-80b5-c85d13f56d69'
	),
	(
		'4254aa34-81c3-46bc-a497-99656e6149be',
		'3e82d0a3-8188-496e-bc36-a7a45d87d053'
	),
	(
		'e966dc15-6843-4738-9fd5-5376be420a2d',
		'5788884e-d465-4883-8b1f-0f3ff417995b'
	),
	(
		'189a3d77-de45-440a-aa8f-1f614ea0a019',
		'1726d983-dc73-42ef-81a2-94586ec73e86'
	),
	(
		'5fdcfd97-718f-49c7-842a-4c7535a653ea',
		'b6889847-f05e-4d3c-aa5a-b177b002be37'
	),
	(
		'5aa6bcdf-c1e9-4419-96ce-4aaa48d6f2c7',
		'b1eeb989-2153-46f2-9f6d-18c4eba7ebda'
	),
	(
		'4254aa34-81c3-46bc-a497-99656e6149be',
		'e24aff6e-4b0b-4dc6-88d8-e9454deeec71'
	)
;

INSERT INTO
	GENRE_TAYANGAN
VALUES
	('2227db9e-616f-4221-ba5a-b71a555c0510', 'Fantasi'),
	('0f8edc48-c6e9-4239-b33f-28b942ed34a8', 'Fantasi'),
	('ef34a18f-5157-4ee5-a6b7-17709303b5ea', 'Sci-fi'),
	('f28f3685-5ac3-44ce-ac8d-90127cc33f6d', 'Horor'),
	('0cd3003a-f1b1-4656-8c03-47edd438a58b', 'Horor'),
	('56d30056-b259-47cd-98fe-19f21c509c24', 'Horor'),
	('8424d4a1-bc2a-4e25-a220-00005ffd01cc', 'Horor'),
	('0ab31de2-8cf5-4d1e-838d-c137a25d31d1', 'Horor'),
	('ecc807c6-5dfd-478e-aa2c-0e7c1a851f66', 'Animasi'),
	('c79dedac-a790-44f8-a746-6c02150d32a3', 'Sci-fi')
;

INSERT INTO
	PERUSAHAAN_PRODUKSI
VALUES
	('MegaKreatif Productions'),
	('HarmoniKreatif Studios'),
	('DinamikaKreatif Productions'),
	('MajuMakmur Productions'),
	('GemilangKarya Studios'),
	('KreasiTerbaik Productions'),
	('InspirasiKreatif Studios'),
	('IndahMaju Productions'),
	('EksklusifKreatif Studios'),
	('CemerlangKarya Productions'),
	('BerkahKreatif Studios'),
	('VisionerMaju Productions'),
	('KreasiMandiri Studios'),
	('DinamisKreatif Productions'),
	('ProgresifMaju Studios')
;

INSERT INTO
	PERSETUJUAN
VALUES
	(
		'MegaKreatif Productions',
		'2227db9e-616f-4221-ba5a-b71a555c0510',
		'2023-01-04 00:00:00',
		365,
		832000,
		'2023-01-27 00:00:00'
	),
	(
		'HarmoniKreatif Studios',
		'0f8edc48-c6e9-4239-b33f-28b942ed34a8',
		'2023-01-24 00:00:00',
		365,
		100000,
		'2023-02-02 00:00:00'
	),
	(
		'DinamikaKreatif Productions',
		'ef34a18f-5157-4ee5-a6b7-17709303b5ea',
		'2023-03-30 00:00:00',
		365,
		968000,
		'2023-04-24 00:00:00'
	),
	(
		'MajuMakmur Productions',
		'f28f3685-5ac3-44ce-ac8d-90127cc33f6d',
		'2023-04-24 00:00:00',
		365,
		162000,
		'2023-05-16 00:00:00'
	),
	(
		'GemilangKarya Studios',
		'0cd3003a-f1b1-4656-8c03-47edd438a58b',
		'2023-04-26 00:00:00',
		365,
		100000,
		'2023-05-18 00:00:00'
	),
	(
		'KreasiTerbaik Productions',
		'56d30056-b259-47cd-98fe-19f21c509c24',
		'2023-05-03 00:00:00',
		365,
		100000,
		'2023-05-28 00:00:00'
	),
	(
		'InspirasiKreatif Studios',
		'8424d4a1-bc2a-4e25-a220-00005ffd01cc',
		'2023-05-30 00:00:00',
		365,
		412000,
		'2023-06-05 00:00:00'
	),
	(
		'IndahMaju Productions',
		'0ab31de2-8cf5-4d1e-838d-c137a25d31d1',
		'2023-06-09 00:00:00',
		365,
		938000,
		'2023-06-24 00:00:00'
	),
	(
		'EksklusifKreatif Studios',
		'ecc807c6-5dfd-478e-aa2c-0e7c1a851f66',
		'2023-06-15 00:00:00',
		365,
		135000,
		'2023-07-06 00:00:00'
	),
	(
		'CemerlangKarya Productions',
		'c79dedac-a790-44f8-a746-6c02150d32a3',
		'2023-07-02 00:00:00',
		365,
		814000,
		'2023-07-07 00:00:00'
	),
	(
		'BerkahKreatif Studios',
		'e966dc15-6843-4738-9fd5-5376be420a2d',
		'2023-07-10 00:00:00',
		365,
		768000,
		'2023-07-21 00:00:00'
	),
	(
		'VisionerMaju Productions',
		'189a3d77-de45-440a-aa8f-1f614ea0a019',
		'2023-08-06 00:00:00',
		365,
		548000,
		'2023-08-28 00:00:00'
	),
	(
		'KreasiMandiri Studios',
		'5fdcfd97-718f-49c7-842a-4c7535a653ea',
		'2023-08-24 00:00:00',
		365,
		126000,
		'2023-09-02 00:00:00'
	),
	(
		'DinamisKreatif Productions',
		'5aa6bcdf-c1e9-4419-96ce-4aaa48d6f2c7',
		'2023-08-28 00:00:00',
		365,
		228000,
		'2023-09-02 00:00:00'
	),
	(
		'ProgresifMaju Studios',
		'4254aa34-81c3-46bc-a497-99656e6149be',
		'2023-09-01 00:00:00',
		365,
		100000,
		'2023-09-04 00:00:00'
	),
	(
		'MegaKreatif Productions',
		'c79dedac-a790-44f8-a746-6c02150d32a3',
		'2023-10-29 00:00:00',
		365,
		736000,
		'2023-11-18 00:00:00'
	),
	(
		'HarmoniKreatif Studios',
		'e966dc15-6843-4738-9fd5-5376be420a2d',
		'2023-12-16 00:00:00',
		365,
		377000,
		'2024-01-13 00:00:00'
	),
	(
		'DinamikaKreatif Productions',
		'189a3d77-de45-440a-aa8f-1f614ea0a019',
		'2024-02-08 00:00:00',
		365,
		100000,
		'2024-02-22 00:00:00'
	),
	(
		'MajuMakmur Productions',
		'5fdcfd97-718f-49c7-842a-4c7535a653ea',
		'2024-03-06 00:00:00',
		365,
		836000,
		'2024-03-28 00:00:00'
	),
	(
		'GemilangKarya Studios',
		'5aa6bcdf-c1e9-4419-96ce-4aaa48d6f2c7',
		'2024-03-07 00:00:00',
		365,
		999000,
		'2024-04-02 00:00:00'
	)
;

INSERT INTO
	SERIES
VALUES
	('2227db9e-616f-4221-ba5a-b71a555c0510'),
	('0f8edc48-c6e9-4239-b33f-28b942ed34a8'),
	('ef34a18f-5157-4ee5-a6b7-17709303b5ea'),
	('f28f3685-5ac3-44ce-ac8d-90127cc33f6d'),
	('0cd3003a-f1b1-4656-8c03-47edd438a58b')
;

INSERT INTO
	FILM
VALUES
	(
		'56d30056-b259-47cd-98fe-19f21c509c24',
		'https://example.com/video/makmum.mp4',
		'2019-11-02 00:00:00',
		159
	),
	(
		'8424d4a1-bc2a-4e25-a220-00005ffd01cc',
		'https://example.com/video/pengabdi-setan.mp4',
		'2017-12-11 00:00:00',
		117
	),
	(
		'0ab31de2-8cf5-4d1e-838d-c137a25d31d1',
		'https://example.com/video/conjuring.mp4',
		'2013-09-21 00:00:00',
		138
	),
	(
		'ecc807c6-5dfd-478e-aa2c-0e7c1a851f66',
		'https://example.com/video/inside-out.mp4',
		'2015-07-22 00:00:00',
		84
	),
	(
		'c79dedac-a790-44f8-a746-6c02150d32a3',
		'https://example.com/video/elements.mp4',
		'2018-09-12 00:00:00',
		149
	),
	(
		'e966dc15-6843-4738-9fd5-5376be420a2d',
		'https://example.com/video/fight-club.mp4',
		'1999-12-17 00:00:00',
		68
	),
	(
		'189a3d77-de45-440a-aa8f-1f614ea0a019',
		'https://example.com/video/now-you-see-me.mp4',
		'2013-08-28 00:00:00',
		149
	),
	(
		'5fdcfd97-718f-49c7-842a-4c7535a653ea',
		'https://example.com/video/everything-everywhere-all-at-once.mp4',
		'2022-06-18 00:00:00',
		123
	),
	(
		'5aa6bcdf-c1e9-4419-96ce-4aaa48d6f2c7',
		'https://example.com/video/avengers.mp4',
		'2012-06-14 00:00:00',
		148
	),
	(
		'4254aa34-81c3-46bc-a497-99656e6149be',
		'https://example.com/video/insidious.mp4',
		'2011-06-17 00:00:00',
		120
	)
;

INSERT INTO
	EPISODE
VALUES
	(
		'2227db9e-616f-4221-ba5a-b71a555c0510',
		'Episode 1',
		'Kehidupan Percy Jackson terbalik ketika ia mengetahui dirinya adalah anak Poseidon. Makhluk mitos dan rahasia kuno terungkap saat ia memasuki dunia yang tak pernah ia ketahui sebelumnya.',
		30,
		'https://example.com/series/2227db9e-616f-4221-ba5a-b71a555c0510/episodes/1.mp4',
		'2010-04-14 00:00:00'
	),
	(
		'2227db9e-616f-4221-ba5a-b71a555c0510',
		'Episode 2',
		'Percy dan teman-temannya berangkat mencari Bulu Domba Emas demi menyelamatkan Camp Half-Blood dari bencana yang akan datang.',
		30,
		'https://example.com/series/2227db9e-616f-4221-ba5a-b71a555c0510/episodes/2.mp5',
		'2010-04-21 00:00:00'
	),
	(
		'2227db9e-616f-4221-ba5a-b71a555c0510',
		'Episode 3',
		'Dalam Labirin, setiap langkah bisa berarti bahaya. Percy dan kawan-kawan menghadapi makhluk menakutkan sambil mencari jalan keluar.',
		30,
		'https://example.com/series/2227db9e-616f-4221-ba5a-b71a555c0510/episodes/3.mp6',
		'2010-04-28 00:00:00'
	),
	(
		'2227db9e-616f-4221-ba5a-b71a555c0510',
		'Episode 4',
		'Ketika Percy mendapatkan misi untuk menyelamatkan temannya, ia harus bertarung melawan para Titan dan mengungkap kekuatan baru yang dimilikinya.',
		30,
		'https://example.com/series/2227db9e-616f-4221-ba5a-b71a555c0510/episodes/4.mp7',
		'2010-05-05 00:00:00'
	),
	(
		'2227db9e-616f-4221-ba5a-b71a555c0510',
		'Episode 5',
		'Percy berhadapan langsung dengan dewa laut dan menguji keberaniannya dalam balapan mematikan melintasi samudra.',
		30,
		'https://example.com/series/2227db9e-616f-4221-ba5a-b71a555c0510/episodes/5.mp8',
		'2010-05-12 00:00:00'
	),
	(
		'2227db9e-616f-4221-ba5a-b71a555c0510',
		'Episode 6',
		'Percy mengungkap rahasia tentang Oracle Delphi dan harus memutuskan apakah akan mengikuti ramalan atau menulis takdirnya sendiri.',
		30,
		'https://example.com/series/2227db9e-616f-4221-ba5a-b71a555c0510/episodes/6.mp9',
		'2010-05-20 00:00:00'
	),
	(
		'2227db9e-616f-4221-ba5a-b71a555c0510',
		'Episode 7',
		'Perang antara kamp-kamp demigod terjadi, dan Percy harus memimpin rekan-rekannya dalam pertempuran yang menentukan masa depan mereka.',
		30,
		'https://example.com/series/2227db9e-616f-4221-ba5a-b71a555c0510/episodes/7.mp10',
		'2010-05-27 00:00:00'
	),
	(
		'2227db9e-616f-4221-ba5a-b71a555c0510',
		'Episode 8',
		'Dalam pertarungan terakhir melawan Kronos, Percy dan para demigod harus menggabungkan kekuatan untuk menyelamatkan Olympus.',
		30,
		'https://example.com/series/2227db9e-616f-4221-ba5a-b71a555c0510/episodes/8.mp11',
		'2010-06-03 00:00:00'
	),
	(
		'0f8edc48-c6e9-4239-b33f-28b942ed34a8',
		'Episode 1',
		'Harry memasuki dunia sihir untuk pertama kalinya dan menemukan bahwa ia lebih istimewa dari yang pernah ia bayangkan.',
		40,
		'https://example.com/series/0f8edc48-c6e9-4239-b33f-28b942ed34a8/harry-potter-episode-1.mp4',
		'2002-01-18 00:00:00'
	),
	(
		'0f8edc48-c6e9-4239-b33f-28b942ed34a8',
		'Episode 2',
		'Teka-teki Kamar Rahasia membawa Harry dan teman-temannya dalam petualangan untuk mengungkap misteri yang telah lama terpendam.',
		42,
		'https://example.com/series/0f8edc48-c6e9-4239-b33f-28b942ed34a8/harry-potter-episode-2.mp4',
		'2002-01-25 00:00:00'
	),
	(
		'0f8edc48-c6e9-4239-b33f-28b942ed34a8',
		'Episode 3',
		'Peta Marauder mengungkap lebih dari sekedar rahasia Hogwarts, memberi Harry perspektif baru tentang masa lalunya.',
		41,
		'https://example.com/series/0f8edc48-c6e9-4239-b33f-28b942ed34a8/harry-potter-episode-3.mp4',
		'2002-02-01 00:00:00'
	),
	(
		'0f8edc48-c6e9-4239-b33f-28b942ed34a8',
		'Episode 4',
		'Turnamen Triwizard tidak hanya menguji keberanian Harry, tetapi juga loyalitasnya saat Voldemort kembali ke kekuasaan.',
		39,
		'https://example.com/series/0f8edc48-c6e9-4239-b33f-28b942ed34a8/harry-potter-episode-4.mp4',
		'2002-02-08 00:00:00'
	),
	(
		'0f8edc48-c6e9-4239-b33f-28b942ed34a8',
		'Episode 5',
		'Harry melatih pasukan Dumbledore demi menghadapi ancaman Lord Voldemort, sambil mencari tahu arti sebenarnya dari menjadi ''Sang Terpilih''.',
		40,
		'https://example.com/series/0f8edc48-c6e9-4239-b33f-28b942ed34a8/harry-potter-episode-5.mp4',
		'2002-02-15 00:00:00'
	),
	(
		'ef34a18f-5157-4ee5-a6b7-17709303b5ea',
		'Episode 1',
		'Thomas terbangun di tempat asing yang disebut Glade, tanpa ingatan masa lalunya, dikelilingi oleh labirin raksasa dan anak-anak laki-laki lain yang terjebak.',
		60,
		'https://example.com/series/ef34a18f-5157-4ee5-a6b7-17709303b5ea/maze-runner-episode-1.mp4',
		'2014-10-22 00:00:00'
	),
	(
		'ef34a18f-5157-4ee5-a6b7-17709303b5ea',
		'Episode 2',
		'Saat Thomas dan para Glader menjelajahi bahaya dari Maze, mereka menemukan kebenaran yang mengganggu tentang eksistensi mereka dan dunia luar.',
		56,
		'https://example.com/series/ef34a18f-5157-4ee5-a6b7-17709303b5ea/maze-runner-episode-2.mp4',
		'2014-10-29 00:00:00'
	),
	(
		'ef34a18f-5157-4ee5-a6b7-17709303b5ea',
		'Episode 3',
		'Para Glader menghadapi tantangan terbesar mereka – melarikan diri dari Maze. Perjalanan mereka mengarah pada wahyu yang akan mengubah segalanya.',
		62,
		'https://example.com/series/ef34a18f-5157-4ee5-a6b7-17709303b5ea/maze-runner-episode-3.mp4',
		'2014-11-05 00:00:00'
	),
	(
		'ef34a18f-5157-4ee5-a6b7-17709303b5ea',
		'Episode 4',
		'Di luar Maze, Thomas dan para penyintas menghadapi dunia yang hancur dan kenyataan keras pertarungan untuk bertahan hidup melawan WCKD.',
		65,
		'https://example.com/series/ef34a18f-5157-4ee5-a6b7-17709303b5ea/maze-runner-episode-4.mp4',
		'2014-11-12 00:00:00'
	),
	(
		'f28f3685-5ac3-44ce-ac8d-90127cc33f6d',
		'Episode 1',
		'Setelah kematian matriark, keluarga Graham mulai mengungkap rahasia kriptik dan semakin mengerikan tentang leluhur mereka.',
		25,
		'https://example.com/series/f28f3685-5ac3-44ce-ac8d-90127cc33f6d/hereditary-episode-1.mp4',
		'2018-08-11 00:00:00'
	),
	(
		'f28f3685-5ac3-44ce-ac8d-90127cc33f6d',
		'Episode 2',
		'Annie menyelami sejarah kelam garis keturunannya, mengungkap kutukan yang melampaui waktu dan kematian, mengancam kewarasan keluarganya.',
		27,
		'https://example.com/series/f28f3685-5ac3-44ce-ac8d-90127cc33f6d/hereditary-episode-2.mp4',
		'2018-08-18 00:00:00'
	),
	(
		'f28f3685-5ac3-44ce-ac8d-90127cc33f6d',
		'Episode 3',
		'Graham bergulat dengan wahyu mengerikan saat kekuatan supranatural menerobos kehidupan mereka, membawa mereka ke ambang kegelapan.',
		30,
		'https://example.com/series/f28f3685-5ac3-44ce-ac8d-90127cc33f6d/hereditary-episode-3.mp4',
		'2018-08-25 00:00:00'
	),
	(
		'f28f3685-5ac3-44ce-ac8d-90127cc33f6d',
		'Episode 4',
		'Serangkaian peristiwa tragis mengarah pada konfrontasi dengan takdir tak terelakkan yang telah ditetapkan pada garis keturunan Graham.',
		31,
		'https://example.com/series/f28f3685-5ac3-44ce-ac8d-90127cc33f6d/hereditary-episode-4.mp4',
		'2018-09-01 00:00:00'
	),
	(
		'0cd3003a-f1b1-4656-8c03-47edd438a58b',
		'Episode 1',
		'Dalam ''Siksa Kubur'', sekelompok teman menemui roh jahat dari masa lalu, memicu rangkaian peristiwa yang bisa menyegel nasib mereka.',
		45,
		'https://example.com/series/0cd3003a-f1b1-4656-8c03-47edd438a58b/siksa-kubur-episode-1.mp4',
		'2020-06-07 00:00:00'
	),
	(
		'0cd3003a-f1b1-4656-8c03-47edd438a58b',
		'Episode 2',
		'Penghantuan semakin intensif, dengan setiap teman menghadapi ketakutan tergelap mereka saat mereka mencoba menenangkan amarah roh-roh yang telah mereka bangunkan.',
		42,
		'https://example.com/series/0cd3003a-f1b1-4656-8c03-47edd438a58b/siksa-kubur-episode-2.mp4',
		'2020-06-14 00:00:00'
	),
	(
		'0cd3003a-f1b1-4656-8c03-47edd438a58b',
		'Episode 3',
		'Dengan waktu yang semakin habis, kelompok tersebut mencari jawaban untuk mengakhiri kutukan, tetapi dosa masa lalu tidak mudah dimaafkan oleh roh dendam.',
		46,
		'https://example.com/series/0cd3003a-f1b1-4656-8c03-47edd438a58b/siksa-kubur-episode-3.mp4',
		'2020-06-21 00:00:00'
	),
	(
		'0cd3003a-f1b1-4656-8c03-47edd438a58b',
		'Episode 4',
		'Dalam upaya terakhir untuk lolos dari kutukan, teman-teman menghadapi kebenaran yang mengerikan: tidak semua dari mereka mungkin ditakdirkan untuk meninggalkan desa yang berhantu.',
		50,
		'https://example.com/series/0cd3003a-f1b1-4656-8c03-47edd438a58b/siksa-kubur-episode-4.mp4',
		'2020-06-28 00:00:00'
	)
;

INSERT INTO
	ULASAN
VALUES
	(
		'2227db9e-616f-4221-ba5a-b71a555c0510',
		'kucingku123',
		'2023-09-15 14:12:24',
		5,
		'Sangat menyukai tayangan ini! Alur cerita dan pengembangan karakternya menarik.'
	),
	(
		'2227db9e-616f-4221-ba5a-b71a555c0510',
		'kucingku123',
		'2023-09-16 17:23:11',
		4,
		'Bagus tapi terkadang alurnya dapat diperkirakan. Akan tetap menonton karena penasaran.'
	),
	(
		'2227db9e-616f-4221-ba5a-b71a555c0510',
		'kucingku123',
		'2023-09-17 19:45:30',
		2,
		'Karya yang luar biasa! Sangat direkomendasikan.'
	),
	(
		'2227db9e-616f-4221-ba5a-b71a555c0510',
		'kucingku123',
		'2023-09-18 20:54:05',
		2,
		'Cukup membosankan dan lambat. Ceritanya tidak menarik perhatian saya seperti yang saya harapkan.'
	),
	(
		'2227db9e-616f-4221-ba5a-b71a555c0510',
		'kucingku123',
		'2023-09-19 08:10:22',
		3,
		'Sinematografi yang hebat dan plot yang menarik. Sedikit lambat di beberapa bagian tapi sangat layak ditonton.'
	),
	(
		'0f8edc48-c6e9-4239-b33f-28b942ed34a8',
		'dinda_amani',
		'2023-09-20 15:30:33',
		5,
		'Bagus '
	),
	(
		'0f8edc48-c6e9-4239-b33f-28b942ed34a8',
		'dinda_amani',
		'2023-09-21 13:20:47',
		4,
		'Sungguh menakjubkan! Karakter-karakternya sangat ditulis dengan baik.'
	),
	(
		'0f8edc48-c6e9-4239-b33f-28b942ed34a8',
		'dinda_amani',
		'2023-09-22 16:35:54',
		3,
		'Saya sangat menikmatinya. Ada beberapa plot hole, tapi secara keseluruhan tayangan yang fantastis.'
	),
	(
		'ef34a18f-5157-4ee5-a6b7-17709303b5ea',
		'michelle_rumintang',
		'2023-09-23 18:47:16',
		2,
		'Serinya oke, tidak sesuai ekspektasi berdasarkan ulasan. Sedikit terlalu dipuja.'
	),
	(
		'ef34a18f-5157-4ee5-a6b7-17709303b5ea',
		'michelle_rumintang',
		'2023-09-24 10:40:19',
		3,
		'Tontonan yang lumayan tapi tidak luar biasa. Cocok untuk akhir pekan yang santai.'
	),
	(
		'ef34a18f-5157-4ee5-a6b7-17709303b5ea',
		'michelle_rumintang',
		'2023-09-25 12:51:32',
		4,
		'Menarik dan membuat Anda ingin terus menonton.'
	),
	(
		'ef34a18f-5157-4ee5-a6b7-17709303b5ea',
		'michelle_rumintang',
		'2023-09-26 13:02:45',
		3,
		'Bukan tipe saya. Alurnya terlalu lambat dan tidak sesuai selera saya.'
	),
	(
		'f28f3685-5ac3-44ce-ac8d-90127cc33f6d',
		'erenyeager',
		'2023-09-27 11:58:29',
		5,
		'Sangat direkomendasikan!'
	),
	(
		'f28f3685-5ac3-44ce-ac8d-90127cc33f6d',
		'erenyeager',
		'2023-09-28 14:10:42',
		5,
		'Sangat bagus, tapi bisa lebih dalam lagi pengembangan karakternya.'
	),
	(
		'0cd3003a-f1b1-4656-8c03-47edd438a58b',
		'dinda.kira21',
		'2023-09-29 16:21:53',
		3,
		'Lumayan'
	),
	(
		'56d30056-b259-47cd-98fe-19f21c509c24',
		'dekamamipapi',
		'2023-09-30 17:33:01',
		4,
		'Bagus tapi tidak luar biasa. Menikmati beberapa bagiannya tapi tidak sepenuhnya sesuai ekspektasi saya.'
	),
	(
		'56d30056-b259-47cd-98fe-19f21c509c24',
		'dekamamipapi',
		'2023-10-01 12:44:14',
		5,
		'Sangat seru!'
	),
	(
		'56d30056-b259-47cd-98fe-19f21c509c24',
		'dekamamipapi',
		'2023-10-02 09:55:27',
		5,
		'Sangat bagus, saya pasti akan rewatch!'
	),
	(
		'56d30056-b259-47cd-98fe-19f21c509c24',
		'dekamamipapi',
		'2023-10-03 21:06:40',
		5,
		'Sangat seru dan diproduksi dengan baik. Pemainnya melakukan pekerjaan yang sangat baik.'
	),
	(
		'8424d4a1-bc2a-4e25-a220-00005ffd01cc',
		'aikochan',
		'2023-10-04 22:17:53',
		2,
		'ekspektasi saya sepertinya terlalu tinggi. cukup mengecewakan'
	),
	(
		'0ab31de2-8cf5-4d1e-838d-c137a25d31d1',
		'novita_nasywa',
		'2023-10-05 23:29:06',
		5,
		'Benar-benar fantastis!  Wajib ditonton bagi siapa saja yang mencari genre horror berkualitas.'
	)
;

INSERT INTO
	DAFTAR_FAVORIT
VALUES
	(
		'2023-05-15 09:30:00',
		'kucingku123',
		'Epic Adventures'
	),
	(
		'2024-08-21 14:45:00',
		'dinda_amani',
		'Timeless Classics'
	),
	(
		'2023-11-03 18:20:00',
		'michelle_rumintang',
		'Thrilling Suspense'
	),
	(
		'2024-02-08 11:10:00',
		'erenyeager',
		'Comedy Gold'
	),
	(
		'2023-07-29 16:55:00',
		'dinda.kira21',
		'Sci-Fi Spectaculars'
	),
	(
		'2024-04-17 08:00:00',
		'dekamamipapi',
		'Animated Delights'
	),
	(
		'2023-09-11 20:25:00',
		'aikochan',
		'Action-Packed Flicks'
	),
	(
		'2024-01-22 12:15:00',
		'novita_nasywa',
		'Drama Galore'
	),
	(
		'2023-12-06 07:40:00',
		'novita_nasywa',
		'Heartfelt Stories'
	),
	(
		'2024-06-09 10:05:00',
		'michelle_rumintang',
		'Mind-Bending Movies'
	),
	(
		'2023-10-30 15:50:00',
		'dinda.kira21',
		'Romantic Escapes'
	),
	(
		'2024-03-18 22:30:00',
		'novita_nasywa',
		'Fantasy Realms'
	),
	(
		'2023-08-14 06:15:00',
		'dinda.kira21',
		'Documentary Gems'
	),
	(
		'2024-05-25 17:35:00',
		'dekamamipapi',
		'Horror Haunts'
	),
	(
		'2023-06-27 19:00:00',
		'kucingku123',
		'Indie Treasures'
	),
	(
		'2024-07-12 23:55:00',
		'dekamamipapi',
		'Family Fun'
	)
;

INSERT INTO
	TAYANGAN_MEMILIKI_DAFTAR_FAVORIT
VALUES
	(
		'2227db9e-616f-4221-ba5a-b71a555c0510',
		'2023-05-15 09:30:00',
		'kucingku123'
	),
	(
		'0f8edc48-c6e9-4239-b33f-28b942ed34a8',
		'2024-08-21 14:45:00',
		'dinda_amani'
	),
	(
		'ef34a18f-5157-4ee5-a6b7-17709303b5ea',
		'2023-11-03 18:20:00',
		'michelle_rumintang'
	),
	(
		'f28f3685-5ac3-44ce-ac8d-90127cc33f6d',
		'2024-02-08 11:10:00',
		'erenyeager'
	),
	(
		'0cd3003a-f1b1-4656-8c03-47edd438a58b',
		'2023-07-29 16:55:00',
		'dinda.kira21'
	),
	(
		'56d30056-b259-47cd-98fe-19f21c509c24',
		'2024-04-17 08:00:00',
		'dekamamipapi'
	),
	(
		'8424d4a1-bc2a-4e25-a220-00005ffd01cc',
		'2023-09-11 20:25:00',
		'aikochan'
	),
	(
		'0ab31de2-8cf5-4d1e-838d-c137a25d31d1',
		'2024-01-22 12:15:00',
		'novita_nasywa'
	),
	(
		'ecc807c6-5dfd-478e-aa2c-0e7c1a851f66',
		'2023-12-06 07:40:00',
		'novita_nasywa'
	),
	(
		'c79dedac-a790-44f8-a746-6c02150d32a3',
		'2024-06-09 10:05:00',
		'michelle_rumintang'
	),
	(
		'e966dc15-6843-4738-9fd5-5376be420a2d',
		'2023-10-30 15:50:00',
		'dinda.kira21'
	),
	(
		'189a3d77-de45-440a-aa8f-1f614ea0a019',
		'2024-03-18 22:30:00',
		'novita_nasywa'
	),
	(
		'5fdcfd97-718f-49c7-842a-4c7535a653ea',
		'2023-08-14 06:15:00',
		'dinda.kira21'
	),
	(
		'5aa6bcdf-c1e9-4419-96ce-4aaa48d6f2c7',
		'2024-05-25 17:35:00',
		'dekamamipapi'
	),
	(
		'4254aa34-81c3-46bc-a497-99656e6149be',
		'2023-06-27 19:00:00',
		'kucingku123'
	),
	(
		'4254aa34-81c3-46bc-a497-99656e6149be',
		'2024-07-12 23:55:00',
		'dekamamipapi'
	)
;

INSERT INTO
	RIWAYAT_NONTON
VALUES
	(
		'ef34a18f-5157-4ee5-a6b7-17709303b5ea',
		'novita_nasywa',
		'2024-09-13 14:14:13',
		'2024-09-13 15:14:13'
	),
	(
		'8424d4a1-bc2a-4e25-a220-00005ffd01cc',
		'novita_nasywa',
		'2024-12-03 05:43:15',
		'2024-12-03 07:40:15'
	),
	(
		'4254aa34-81c3-46bc-a497-99656e6149be',
		'dinda.kira21',
		'2024-02-03 09:24:02',
		'2024-02-03 11:24:02'
	),
	(
		'0f8edc48-c6e9-4239-b33f-28b942ed34a8',
		'aikochan',
		'2024-04-15 18:21:33',
		'2024-04-15 19:01:33'
	),
	(
		'0f8edc48-c6e9-4239-b33f-28b942ed34a8',
		'aikochan',
		'2024-07-07 21:29:05',
		'2024-07-07 22:09:05'
	),
	(
		'4254aa34-81c3-46bc-a497-99656e6149be',
		'aikochan',
		'2024-12-11 18:32:17',
		'2024-12-11 20:32:17'
	),
	(
		'c79dedac-a790-44f8-a746-6c02150d32a3',
		'dinda_amani',
		'2024-06-24 06:02:32',
		'2024-06-24 08:31:32'
	),
	(
		'56d30056-b259-47cd-98fe-19f21c509c24',
		'novita_nasywa',
		'2024-08-24 10:01:00',
		'2024-08-24 12:40:00'
	),
	(
		'ecc807c6-5dfd-478e-aa2c-0e7c1a851f66',
		'dinda.kira21',
		'2024-06-16 19:55:59',
		'2024-06-16 21:19:59'
	),
	(
		'56d30056-b259-47cd-98fe-19f21c509c24',
		'dinda_amani',
		'2024-06-24 16:29:35',
		'2024-06-24 19:08:35'
	),
	(
		'189a3d77-de45-440a-aa8f-1f614ea0a019',
		'novita_nasywa',
		'2024-06-16 01:20:10',
		'2024-06-16 03:49:10'
	),
	(
		'189a3d77-de45-440a-aa8f-1f614ea0a019',
		'erenyeager',
		'2024-11-25 09:40:21',
		'2024-11-25 12:09:21'
	),
	(
		'5fdcfd97-718f-49c7-842a-4c7535a653ea',
		'dinda.kira21',
		'2024-07-23 22:26:16',
		'2024-07-24 00:29:16'
	),
	(
		'4254aa34-81c3-46bc-a497-99656e6149be',
		'aikochan',
		'2024-09-26 15:46:52',
		'2024-09-26 17:46:52'
	),
	(
		'56d30056-b259-47cd-98fe-19f21c509c24',
		'dinda_amani',
		'2024-06-05 13:53:19',
		'2024-06-05 16:32:19'
	),
	(
		'ecc807c6-5dfd-478e-aa2c-0e7c1a851f66',
		'dekamamipapi',
		'2024-07-29 02:46:34',
		'2024-07-29 04:10:34'
	),
	(
		'5aa6bcdf-c1e9-4419-96ce-4aaa48d6f2c7',
		'erenyeager',
		'2024-03-24 00:15:06',
		'2024-03-24 02:43:06'
	),
	(
		'189a3d77-de45-440a-aa8f-1f614ea0a019',
		'dinda.kira21',
		'2024-06-04 15:41:07',
		'2024-06-04 18:10:07'
	),
	(
		'4254aa34-81c3-46bc-a497-99656e6149be',
		'dekamamipapi',
		'2024-02-25 12:27:16',
		'2024-02-25 14:27:16'
	),
	(
		'56d30056-b259-47cd-98fe-19f21c509c24',
		'erenyeager',
		'2024-11-15 17:56:18',
		'2024-11-15 20:35:18'
	),
	(
		'4254aa34-81c3-46bc-a497-99656e6149be',
		'erenyeager',
		'2024-01-23 02:05:32',
		'2024-01-23 04:05:32'
	),
	(
		'2227db9e-616f-4221-ba5a-b71a555c0510',
		'kucingku123',
		'2024-01-14 08:29:38',
		'2024-01-14 08:59:38'
	),
	(
		'f28f3685-5ac3-44ce-ac8d-90127cc33f6d',
		'dinda.kira21',
		'2024-02-17 19:11:58',
		'2024-02-17 19:41:58'
	),
	(
		'5fdcfd97-718f-49c7-842a-4c7535a653ea',
		'kucingku123',
		'2024-12-16 04:32:32',
		'2024-12-16 06:35:32'
	),
	(
		'4254aa34-81c3-46bc-a497-99656e6149be',
		'michelle_rumintang',
		'2024-01-22 23:40:01',
		'2024-01-23 01:40:01'
	),
	(
		'4254aa34-81c3-46bc-a497-99656e6149be',
		'novita_nasywa',
		'2024-10-29 06:26:37',
		'2024-10-29 08:26:37'
	),
	(
		'8424d4a1-bc2a-4e25-a220-00005ffd01cc',
		'dinda.kira21',
		'2024-02-13 20:10:22',
		'2024-02-13 22:07:22'
	),
	(
		'56d30056-b259-47cd-98fe-19f21c509c24',
		'dinda.kira21',
		'2024-08-24 08:14:50',
		'2024-08-24 10:53:50'
	),
	(
		'2227db9e-616f-4221-ba5a-b71a555c0510',
		'aikochan',
		'2024-06-08 17:15:28',
		'2024-06-08 17:45:28'
	)
;

INSERT INTO
	TAYANGAN_TERUNDUH
VALUES
	(
		'5aa6bcdf-c1e9-4419-96ce-4aaa48d6f2c7',
		'dekamamipapi',
		'2024-04-11 23:46:22'
	),
	(
		'0f8edc48-c6e9-4239-b33f-28b942ed34a8',
		'dekamamipapi',
		'2024-01-31 10:35:04'
	),
	(
		'ef34a18f-5157-4ee5-a6b7-17709303b5ea',
		'novita_nasywa',
		'2024-06-28 05:26:18'
	),
	(
		'c79dedac-a790-44f8-a746-6c02150d32a3',
		'aikochan',
		'2024-09-29 19:50:20'
	),
	(
		'f28f3685-5ac3-44ce-ac8d-90127cc33f6d',
		'aikochan',
		'2024-08-13 07:34:32'
	),
	(
		'56d30056-b259-47cd-98fe-19f21c509c24',
		'erenyeager',
		'2024-10-25 03:47:26'
	),
	(
		'ef34a18f-5157-4ee5-a6b7-17709303b5ea',
		'michelle_rumintang',
		'2024-10-14 00:40:35'
	),
	(
		'f28f3685-5ac3-44ce-ac8d-90127cc33f6d',
		'dinda_amani',
		'2024-09-10 03:04:04'
	),
	(
		'f28f3685-5ac3-44ce-ac8d-90127cc33f6d',
		'dinda.kira21',
		'2024-12-21 08:21:58'
	),
	(
		'2227db9e-616f-4221-ba5a-b71a555c0510',
		'novita_nasywa',
		'2024-07-19 02:11:14'
	),
	(
		'5fdcfd97-718f-49c7-842a-4c7535a653ea',
		'novita_nasywa',
		'2024-11-13 04:55:51'
	),
	(
		'0ab31de2-8cf5-4d1e-838d-c137a25d31d1',
		'dekamamipapi',
		'2024-11-27 03:43:42'
	),
	(
		'0cd3003a-f1b1-4656-8c03-47edd438a58b',
		'dekamamipapi',
		'2024-06-12 22:59:56'
	),
	(
		'c79dedac-a790-44f8-a746-6c02150d32a3',
		'novita_nasywa',
		'2024-08-09 09:26:17'
	),
	(
		'0f8edc48-c6e9-4239-b33f-28b942ed34a8',
		'kucingku123',
		'2024-06-16 15:14:43'
	),
	(
		'2227db9e-616f-4221-ba5a-b71a555c0510',
		'erenyeager',
		'2024-04-07 09:46:26'
	),
	(
		'0cd3003a-f1b1-4656-8c03-47edd438a58b',
		'novita_nasywa',
		'2024-05-28 21:05:00'
	),
	(
		'5fdcfd97-718f-49c7-842a-4c7535a653ea',
		'kucingku123',
		'2024-05-04 22:03:57'
	),
	(
		'8424d4a1-bc2a-4e25-a220-00005ffd01cc',
		'kucingku123',
		'2024-09-07 04:14:45'
	),
	(
		'56d30056-b259-47cd-98fe-19f21c509c24',
		'dinda_amani',
		'2024-12-15 23:26:58'
	),
	(
		'0f8edc48-c6e9-4239-b33f-28b942ed34a8',
		'kucingku123',
		'2024-10-21 12:59:31'
	),
	(
		'c79dedac-a790-44f8-a746-6c02150d32a3',
		'dinda_amani',
		'2024-11-16 21:56:14'
	),
	(
		'f28f3685-5ac3-44ce-ac8d-90127cc33f6d',
		'aikochan',
		'2024-06-25 03:43:14'
	),
	(
		'8424d4a1-bc2a-4e25-a220-00005ffd01cc',
		'dinda_amani',
		'2024-03-02 02:46:48'
	),
	(
		'ef34a18f-5157-4ee5-a6b7-17709303b5ea',
		'dinda_amani',
		'2024-11-28 21:48:30'
	),
	(
		'2227db9e-616f-4221-ba5a-b71a555c0510',
		'aikochan',
		'2024-09-15 21:40:06'
	),
	(
		'ecc807c6-5dfd-478e-aa2c-0e7c1a851f66',
		'dekamamipapi',
		'2024-05-10 01:45:02'
	),
	(
		'4254aa34-81c3-46bc-a497-99656e6149be',
		'aikochan',
		'2024-03-21 12:20:24'
	),
	(
		'0f8edc48-c6e9-4239-b33f-28b942ed34a8',
		'dekamamipapi',
		'2024-11-19 01:41:21'
	),
	(
		'2227db9e-616f-4221-ba5a-b71a555c0510',
		'novita_nasywa',
		'2024-09-03 05:36:10'
	),
	(
		'c79dedac-a790-44f8-a746-6c02150d32a3',
		'dinda.kira21',
		'2024-02-23 18:47:17'
	),
	(
		'e966dc15-6843-4738-9fd5-5376be420a2d',
		'kucingku123',
		'2024-12-09 15:03:44'
	),
	(
		'5fdcfd97-718f-49c7-842a-4c7535a653ea',
		'kucingku123',
		'2024-12-21 14:17:10'
	),
	(
		'5fdcfd97-718f-49c7-842a-4c7535a653ea',
		'michelle_rumintang',
		'2024-01-19 07:13:49'
	),
	(
		'56d30056-b259-47cd-98fe-19f21c509c24',
		'michelle_rumintang',
		'2024-09-30 22:48:36'
	)
;